n,time,complexity
10000,1.18194e-007,O(1) or O(log n)
20000,1.48284e-007,O(1) or O(log n)
40000,1.2088e-007,O(1) or O(log n)
80000,1.19824e-007,O(1) or O(log n)
