n,time,complexity
2000,0.023499,O(n^2)
4000,0.09,O(n^2)
8000,0.364999,O(n^2)
16000,1.4315,O(n^2)
