n,time,complexity
10000,6.0201e-005,O(n)
20000,0.000107754,O(n)
40000,0.000213774,O(n)
80000,0.00041048,O(n)
