n,time,complexity
2000,0.0189995,O(n^2)
4000,0.079499,O(n^2)
8000,0.328999,O(n^2)
16000,1.3275,O(n^2)
