n,time,complexity
20000,0.00771414,O(n log n)
40000,0.0160003,O(n log n)
80000,0.0327495,O(n log n)
160000,0.070003,O(n log n)
320000,0.142968,O(n log n)
