n,time,complexity
20000,0.00605589,O(n log n)
40000,0.0123,O(n log n)
80000,0.0255175,O(n log n)
160000,0.05347,O(n log n)
320000,0.108533,O(n log n)
