n,time,complexity
20000,0.00600433,O(n log n)
40000,0.012194,O(n log n)
80000,0.025501,O(n log n)
160000,0.055,O(n log n)
320000,0.109531,O(n log n)
