n,time,complexity
10000,3.42161e-005,O(n)
20000,6.17225e-005,O(n)
40000,8.88171e-005,O(n)
80000,0.000108991,O(n)
