n,time,complexity
20000,6.48357e-005,O(n)
40000,0.000129254,O(n)
80000,0.000188792,O(n)
160000,0.00055022,O(n)
320000,0.00109737,O(n)
